date,url,chat_link
2023-05-16 05:18:04,https://fxtwitter.com/___OTINTIN/status/1658386754649591808,https://t.me/StableDiffusion_CN/1117330
2023-05-16 05:20:38,https://fxtwitter.com/gigzagu123/status/1658122597303820289,https://t.me/StableDiffusion_CN/1117334
2023-05-16 07:18:54,https://twitter.com/brm_1925/status/1658322363036073984,https://t.me/StableDiffusion_CN/1117392
2023-05-16 08:18:55,https://youtu.be/o2u-MRtzde4,https://t.me/StableDiffusion_CN/1117487
2023-05-16 08:53:26,https://en.wiktionary.org/wiki/make_love,https://t.me/StableDiffusion_CN/1117526
2023-05-16 09:03:43,https://www.pixiv.net/artworks/108179282,https://t.me/StableDiffusion_CN/1117538
2023-05-16 09:34:13,https://gelbooru.com/index.php?page=post&s=list&tags=shengtian+uncensored,https://t.me/StableDiffusion_CN/1117575
2023-05-16 09:35:32,https://exhentai.org/g/2554478/cdb32ea4af/,https://t.me/StableDiffusion_CN/1117577
2023-05-16 09:52:35,https://www.pixiv.net/artworks/106661189,https://t.me/StableDiffusion_CN/1117620
2023-05-16 10:00:53,https://www.pixiv.net/users/14652463,https://t.me/StableDiffusion_CN/1117636
2023-05-16 10:10:17,https://www.pixiv.net/artworks/108138938,https://t.me/StableDiffusion_CN/1117658
2023-05-16 10:11:59,https://t.me/AIaek86,https://t.me/StableDiffusion_CN/1117671
2023-05-16 10:27:06,https://github.com/trojblue/pixivAnalytics,https://t.me/StableDiffusion_CN/1117723
2023-05-16 11:21:16,https://twitter.com/riceeeeeee0120/status/1658464134831439874?t=a17WUn77Ds536BkkQTEvrg&s=35,https://t.me/StableDiffusion_CN/1117817
2023-05-16 11:52:23,https://huggingface.co/ashen-sensored/mzpikas_tmnd_enhanced,https://t.me/StableDiffusion_CN/1117889
2023-05-16 12:10:41,https://civitai.com/models/64379/crab-gloves-hands-inpaint-helper,https://t.me/StableDiffusion_CN/1117913
2023-05-16 12:10:43,https://civitai.com/models/27259/tmnd-mix,https://t.me/StableDiffusion_CN/1117914
2023-05-16 13:09:22,https://b23.tv/HlJvZYi,https://t.me/StableDiffusion_CN/1118017
2023-05-16 13:58:41,https://github.com/SLAPaper/a1111-sd-webui-tome,https://t.me/StableDiffusion_CN/1118071
2023-05-16 17:36:27,https://photos.app.goo.gl/ZNCpgWcXuEvc1ZTX9,https://t.me/StableDiffusion_CN/1118123
2023-05-16 17:55:24,https://civitai.com/models/67418?modelVersionId=72058,https://t.me/StableDiffusion_CN/1118124
2023-05-17 01:06:02,https://twitter.com/AMAZlNGNATURE/status/1658340247804026880,https://t.me/StableDiffusion_CN/1118344
2023-05-17 01:25:42,https://www.ithome.com/0/693/085.htm,https://t.me/StableDiffusion_CN/1118365
2023-05-17 01:25:54,https://twitter.com/fumibeing/status/1658663689292255234,https://t.me/StableDiffusion_CN/1118367
2023-05-17 01:37:14,https://www.pixiv.net/users/85838652,https://t.me/StableDiffusion_CN/1118441
2023-05-17 01:50:05,https://twitter.com/white_cat_girI,https://t.me/StableDiffusion_CN/1118486
2023-05-17 01:59:31,https://blog.novelai.net/text-model-progress-is-going-good-82a94855445e,https://t.me/StableDiffusion_CN/1118497
2023-05-17 02:34:38,https://twitter.com/novelaiofficial/status/1658695368065060866,https://t.me/StableDiffusion_CN/1118552
2023-05-17 03:35:23,https://photos.app.goo.gl/ZNCpgWcXuEvc1ZTX9,https://t.me/StableDiffusion_CN/1118573
2023-05-17 06:21:33,https://automaton-media.com/articles/newsjp/20230517-247735/,https://t.me/StableDiffusion_CN/1118671
2023-05-17 06:50:07,https://ngwaifoong92.medium.com/introduction-to-stable-diffusion-latent-upscaler-4405ef053d12,https://t.me/StableDiffusion_CN/1118768
2023-05-17 07:22:13,https://huggingface.co/ashen-sensored/mzpikas_tmnd_enhanced,https://t.me/StableDiffusion_CN/1118788
2023-05-17 07:22:55,https://huggingface.co/ashen-sensored/mzpikas_tmnd_enhanced,https://t.me/StableDiffusion_CN/1118791
2023-05-17 08:10:27,https://www.pixiv.net/users/32886240,https://t.me/StableDiffusion_CN/1118870
2023-05-17 08:19:15,https://huggingface.co/OFA-Sys/small-stable-diffusion-v0,https://t.me/StableDiffusion_CN/1118888
2023-05-17 08:59:36,https://github.com/AUTOMATIC1111/stable-diffusion-webui/pull/10365,https://t.me/StableDiffusion_CN/1118911
2023-05-17 10:59:27,https://github.com/AUTOMATIC1111/stable-diffusion-webui/issues/10460,https://t.me/StableDiffusion_CN/1119099
2023-05-17 11:20:49,https://fxtwitter.com/___OTINTIN/status/1658760090948894722,https://t.me/StableDiffusion_CN/1119155
2023-05-17 11:26:25,https://fxtwitter.com/eco_co3/status/1658456568273436672,https://t.me/StableDiffusion_CN/1119171
2023-05-17 11:27:02,https://arxiv.org/abs/2305.08891,https://t.me/StableDiffusion_CN/1119173
2023-05-17 11:31:53,https://stability.ai/blog/stablestudio-open-source-community-driven-future-dreamstudio-release,https://t.me/StableDiffusion_CN/1119193
2023-05-17 12:30:45,https://www.youtube.com/watch?v=Cws_iYYai6Q,https://t.me/StableDiffusion_CN/1119338
2023-05-17 14:26:37,https://twitter.com/fuumiisc/status/1658790811298050050,https://t.me/StableDiffusion_CN/1119533
2023-05-17 14:27:00,https://twitter.com/hanekoto2424/status/1658762545233301505/photo/1,https://t.me/StableDiffusion_CN/1119536
2023-05-17 14:27:09,https://twitter.com/mery__S2_/status/1658532137065385984,https://t.me/StableDiffusion_CN/1119537
2023-05-17 14:27:15,https://twitter.com/deca_purio/status/1658438419771707394,https://t.me/StableDiffusion_CN/1119538
2023-05-17 14:38:10,https://docs.qq.com/doc/DTklkTllGQmdac3Jl,https://t.me/StableDiffusion_CN/1119614
2023-05-17 19:58:33,https://space.bilibili.com/9130749/dynamic,https://t.me/StableDiffusion_CN/1119705
2023-05-17 21:29:22,https://arxiv.org/abs/2305.08891,https://t.me/StableDiffusion_CN/1119791
2023-05-17 22:09:45,https://github.com/mit-han-lab/fastcomposer,https://t.me/StableDiffusion_CN/1119807
2023-05-17 22:33:04,https://arxiv.org/abs/2304.08465,https://t.me/StableDiffusion_CN/1119813
2023-05-17 22:33:25,https://arxiv.org/abs/2305.10431,https://t.me/StableDiffusion_CN/1119814
2023-05-17 22:35:48,https://fxtwitter.com/summer720_/status/1658760756647854082,https://t.me/StableDiffusion_CN/1119816
2023-05-17 23:19:52,https://danbooru.donmai.us/,https://t.me/StableDiffusion_CN/1119872
2023-05-18 00:19:35,https://fastcomposer.mit.edu/,https://t.me/StableDiffusion_CN/1119922
2023-05-18 03:54:29,https://twitter.com/AtelierIrrlicht/status/1658418129712848902,https://t.me/StableDiffusion_CN/1120023
2023-05-18 04:07:42,https://t.me/StableDiffusion_CN/1119110,https://t.me/StableDiffusion_CN/1120082
2023-05-18 04:17:26,https://1cf4-69-255-235-247.ngrok-free.app,https://t.me/StableDiffusion_CN/1120088
2023-05-18 05:51:03,https://github.com/pkuliyi2015/multidiffusion-upscaler-for-automatic1111/blob/main/README_CN.md,https://t.me/StableDiffusion_CN/1120163
2023-05-18 06:00:58,https://huggingface.co/Xynon/SD-Silicon,https://t.me/StableDiffusion_CN/1120198
2023-05-18 06:43:17,https://github.com/pkuliyi2015/multidiffusion-upscaler-for-automatic1111/blob/main/README_CN.md,https://t.me/StableDiffusion_CN/1120333
2023-05-18 06:48:47,https://twitter.com/_lili_i/status/1659146544220864522?s=20,https://t.me/StableDiffusion_CN/1120340
2023-05-18 06:51:17,https://twitter.com/DontShowYourCat/status/1659013431649787905?s=20,https://t.me/StableDiffusion_CN/1120347
2023-05-18 06:53:04,https://arxiv.org/pdf/2206.02779v1.pdf,https://t.me/StableDiffusion_CN/1120352
2023-05-18 07:07:49,https://114514.zip,https://t.me/StableDiffusion_CN/1120354
2023-05-18 07:16:12,https://twitter.com/40hara/status/1658971155435491329,https://t.me/StableDiffusion_CN/1120360
2023-05-18 07:17:45,https://fxtwitter.com/___OTINTIN/status/1659143029108908034,https://t.me/StableDiffusion_CN/1120363
2023-05-18 07:22:15,https://www.bilibili.com/video/av911175906,https://t.me/StableDiffusion_CN/1120378
2023-05-18 07:39:48,https://twitter.com/_CASTSTATION/status/1659152761160888322?s=20,https://t.me/StableDiffusion_CN/1120465
2023-05-18 09:58:13,https://www.ithome.com/0/693/578.htm,https://t.me/StableDiffusion_CN/1120803
2023-05-18 10:05:17,https://github.com/mcmonkeyprojects/sd-dynamic-thresholding,https://t.me/StableDiffusion_CN/1120816
2023-05-18 10:33:29,https://card.weibo.com/article/m/show/id/2309404902863347515462,https://t.me/StableDiffusion_CN/1120933
2023-05-18 10:41:18,https://arxiv.org/abs/2301.10343,https://t.me/StableDiffusion_CN/1120958
2023-05-18 11:20:27,https://github.com/AUTOMATIC1111/stable-diffusion-webui/issues/10331,https://t.me/StableDiffusion_CN/1120995
2023-05-18 12:20:25,https://fxtwitter.com/kgtdesuteni/status/1658441418460000258,https://t.me/StableDiffusion_CN/1121066
2023-05-18 12:30:39,https://github.com/AUTOMATIC1111/stable-diffusion-webui-promptgen,https://t.me/StableDiffusion_CN/1121087
2023-05-18 16:23:22,https://github.com/AUTOMATIC1111/stable-diffusion-webui/pull/10519,https://t.me/StableDiffusion_CN/1121182
2023-05-18 20:45:30,https://apps.apple.com/app/openai-chatgpt/id6448311069,https://t.me/StableDiffusion_CN/1121222
2023-05-18 21:41:52,https://github.com/Stability-AI/StableStudio,https://t.me/StableDiffusion_CN/1121231
2023-05-19 00:48:14,https://www.bilibili.com/video/av868676564/,https://t.me/StableDiffusion_CN/1121272
2023-05-19 01:09:47,https://www.ithome.com/0/693/695.htm,https://t.me/StableDiffusion_CN/1121294
2023-05-19 01:43:43,https://twitter.com/lvminzhang/status/1659432692491116547,https://t.me/StableDiffusion_CN/1121331
2023-05-19 01:49:06,https://fxtwitter.com/rebecca_hoshino/status/1659331606606118914,https://t.me/StableDiffusion_CN/1121336
2023-05-19 01:55:32,https://github.com/Mikubill/sd-webui-controlnet/discussions/1280#discussioncomment-5944492,https://t.me/StableDiffusion_CN/1121343
2023-05-19 02:01:01,https://twitter.com/_akhaliq/status/1659424744490377217,https://t.me/StableDiffusion_CN/1121347
2023-05-19 02:09:10,https://twitter.com/dai3syougen/status/1659331018527227904?s=20,https://t.me/StableDiffusion_CN/1121361
2023-05-19 03:45:19,https://research.nvidia.com/labs/dir/pyoco/,https://t.me/StableDiffusion_CN/1121430
2023-05-19 05:03:14,https://www.pixiv.net/users/9377557,https://t.me/StableDiffusion_CN/1121530
2023-05-19 06:21:46,https://github.com/facebookresearch/VLPart,https://t.me/StableDiffusion_CN/1121812
2023-05-19 06:37:48,https://www.pixiv.net/en/users/89469319,https://t.me/StableDiffusion_CN/1121837
2023-05-19 06:52:23,https://pub-2fdef7a2969f43289c42ac5ae3412fd4.r2.dev/wd45.zip,https://t.me/StableDiffusion_CN/1121856
2023-05-19 07:03:38,https://fxtwitter.com/atikix/status/1654392886740537344,https://t.me/StableDiffusion_CN/1121887
2023-05-19 07:04:11,https://fxtwitter.com/___OTINTIN/status/1659496551256031232,https://t.me/StableDiffusion_CN/1121891
2023-05-19 07:05:20,https://zhile.io/2023/05/19/how-to-get-chatgpt-access-token-via-pkce.html,https://t.me/StableDiffusion_CN/1121897
2023-05-19 07:06:28,https://fxtwitter.com/yatanukikey/status/1659507330432765952,https://t.me/StableDiffusion_CN/1121903
2023-05-19 07:30:56,https://t.me/+7-OYuKWRDc84ZDQ1,https://t.me/StableDiffusion_CN/1122008
2023-05-19 07:39:44,https://fxtwitter.com/roku_6/status/1659138250991345669,https://t.me/StableDiffusion_CN/1122038
2023-05-19 07:54:29,https://fxtwitter.com/eco_co3/status/1659526335033925632,https://t.me/StableDiffusion_CN/1122050
2023-05-19 08:00:42,https://fxtwitter.com/eco_co3/status/1521781114989588484,https://t.me/StableDiffusion_CN/1122057
2023-05-19 08:01:48,https://twitter.com/eco_co3/status/1459150770687803394,https://t.me/StableDiffusion_CN/1122059
2023-05-19 08:09:32,https://fxtwitter.com/kumabear_anime/status/1659484538504970240,https://t.me/StableDiffusion_CN/1122072
2023-05-19 09:04:03,https://huggingface.co/swl-models/HomoMix-v1.0,https://t.me/StableDiffusion_CN/1122157
2023-05-19 10:26:42,https://github.com/pengzhile/pandora,https://t.me/StableDiffusion_CN/1122528
2023-05-19 10:53:02,https://telegra.ph/234do-Ichiri-Tsuyo-tsuyo-Mesugaki-Villain-to-Yowa-yowa-Hero-no-Ore--强强雌小鬼反派和弱小英雄的我本g心个人汉化ChineseDigital-05-18,https://t.me/StableDiffusion_CN/1122619
2023-05-19 21:08:19,https://civitai.com/models/50232/cute-gothic-fashion,https://t.me/StableDiffusion_CN/1122917
2023-05-19 23:18:08,https://twitter.com/momoco_haru/status/1659758626083581953/photo/1,https://t.me/StableDiffusion_CN/1122999
2023-05-20 00:35:04,https://dl.acm.org/doi/10.1145/3548606.3560586,https://t.me/StableDiffusion_CN/1123078
2023-05-20 01:53:29,https://fxtwitter.com/n_n_nima/status/1659742670393339905,https://t.me/StableDiffusion_CN/1123121
2023-05-20 01:58:01,https://huggingface.co/spaces/mteb/leaderboard,https://t.me/StableDiffusion_CN/1123124
2023-05-20 02:15:02,https://m.sohu.com/a/201464094_720640,https://t.me/StableDiffusion_CN/1123139
2023-05-20 03:57:11,https://twitter.com/ku9625/status/1658940911588614151/photo/1,https://t.me/StableDiffusion_CN/1123244
2023-05-20 04:09:14,https://twitter.com/mi_____u_u/status/1659508234867318784?s=09,https://t.me/StableDiffusion_CN/1123249
2023-05-20 06:52:36,https://weidian.com/item.html?itemID=6313504858,https://t.me/StableDiffusion_CN/1123406
2023-05-20 06:53:21,https://weidian.com/item.html?itemID=6313504858,https://t.me/StableDiffusion_CN/1123419
2023-05-20 07:37:34,https://twitter.com/marinauryu/status/1659879149090254849,https://t.me/StableDiffusion_CN/1123495
2023-05-20 07:40:51,https://fxtwitter.com/rubidiumo/status/1659868064991567872,https://t.me/StableDiffusion_CN/1123496
2023-05-20 07:42:19,https://fxtwitter.com/navy_126/status/1659870665393205249,https://t.me/StableDiffusion_CN/1123498
2023-05-20 08:21:55,https://www.bilibili.com/video/av783663495/,https://t.me/StableDiffusion_CN/1123550
2023-05-20 08:53:14,https://twitter.com/camenduru/status/1659792323872522242?t=9931xaBBV5SNAgqfUYc7-g&s=19,https://t.me/StableDiffusion_CN/1123569
2023-05-20 09:29:05,https://www.pixiv.net/artworks/108259057,https://t.me/StableDiffusion_CN/1123616
2023-05-20 09:52:25,https://civitai.com/models/18419/murkys-suspended-on-penis-lora,https://t.me/StableDiffusion_CN/1123676
2023-05-20 10:32:35,https://www.bilibili.com/video/BV1oo4y137e2,https://t.me/StableDiffusion_CN/1123739
2023-05-20 11:40:52,https://github.com/ntc-ai/conceptmod,https://t.me/StableDiffusion_CN/1123928
2023-05-20 11:43:16,https://twitter.com/8co28/status/1659035154302763010,https://t.me/StableDiffusion_CN/1123940
2023-05-20 11:46:51,https://www.zhihu.com/question/595905437,https://t.me/StableDiffusion_CN/1123958
2023-05-20 12:22:47,https://github.com/Mikubill/sd-webui-controlnet/discussions/1236,https://t.me/StableDiffusion_CN/1124091
2023-05-20 12:48:15,https://fxtwitter.com/Fanteam929/status/1659937632888168448?s=20,https://t.me/StableDiffusion_CN/1124135
2023-05-20 13:38:27,https://www.pixiv.net/users/89599040/artworks,https://t.me/StableDiffusion_CN/1124268
2023-05-20 13:54:39,https://twitter.com/BARD713,https://t.me/StableDiffusion_CN/1124352
2023-05-20 14:25:38,https://www.nytimes.com/2023/05/18/technology/ai-meta-open-source.html,https://t.me/StableDiffusion_CN/1124515
2023-05-20 14:27:50,https://twitter.com/BlockadeLabs,https://t.me/StableDiffusion_CN/1124527
2023-05-20 14:39:29,https://telegra.ph/%E4%BD%90%E4%B9%85%E9%96%93%E3%81%AD%E3%82%80-04-17-2,https://t.me/StableDiffusion_CN/1124596
2023-05-20 15:30:01,https://civitai.com/models/67418/katosecretmix,https://t.me/StableDiffusion_CN/1124791
2023-05-20 19:07:12,https://youtu.be/n_KZdEItqyI,https://t.me/StableDiffusion_CN/1124865
2023-05-20 19:41:05,https://www.youtube.com/watch?v=1jgt69PgAlU&list=PLBO2h-GzDvIbmjbEMx-sG9Hedgs-2VnW7&index=1,https://t.me/StableDiffusion_CN/1124866
2023-05-20 22:39:43,https://kemono.party/fanbox/user/84349801?o=0,https://t.me/StableDiffusion_CN/1124918
2023-05-21 00:11:48,https://e641423ac45cdd7955.gradio.live/,https://t.me/StableDiffusion_CN/1125018
2023-05-21 00:25:59,https://e641423ac45cdd7955.gradio.live/,https://t.me/StableDiffusion_CN/1125041
2023-05-21 00:38:48,https://github.com/Linaqruf/kohya-trainer/blob/main/kohya-LoRA-dreambooth.ipynb,https://t.me/StableDiffusion_CN/1125082
2023-05-21 02:24:46,https://civitai.com/models/60203/counteranymini-mix,https://t.me/StableDiffusion_CN/1125201
2023-05-21 02:28:06,https://youtu.be/1B3Xi5L6siI,https://t.me/StableDiffusion_CN/1125209
2023-05-21 02:40:57,https://www.youtube.com/watch?v=Atrd01QWV4c,https://t.me/StableDiffusion_CN/1125269
2023-05-21 02:51:15,https://twitter.com/komomo2899/status/1659546641811263488,https://t.me/StableDiffusion_CN/1125295
2023-05-21 03:17:46,https://www.youtube.com/@ScienceClicEN/videos,https://t.me/StableDiffusion_CN/1125428
2023-05-21 04:53:49,https://github.com/AUTOMATIC1111/stable-diffusion-webui/commit/31545abe145ac8833c9c15aa41300fb609dcb128,https://t.me/StableDiffusion_CN/1125623
2023-05-21 04:58:12,https://twitter.com/lvminzhang/status/1658014565228253184?s=20,https://t.me/StableDiffusion_CN/1125642
2023-05-21 05:11:54,https://fxtwitter.com/rebecca_hoshino/status/1660193652600102919,https://t.me/StableDiffusion_CN/1125656
2023-05-21 05:12:59,https://fxtwitter.com/___OTINTIN/status/1660207176420560898,https://t.me/StableDiffusion_CN/1125657
2023-05-21 05:14:27,https://fxtwitter.com/_lili_i/status/1659899197049667584,https://t.me/StableDiffusion_CN/1125661
2023-05-21 06:54:26,https://github.com/AUTOMATIC1111/stable-diffusion-webui/pull/10578#issuecomment-1556008872,https://t.me/StableDiffusion_CN/1125756
2023-05-21 07:01:50,https://github.com/visual-layer/fastdup,https://t.me/StableDiffusion_CN/1125758
2023-05-21 07:52:07,https://fxtwitter.com/rebecca_hoshino/status/1660204454082215939,https://t.me/StableDiffusion_CN/1125794
2023-05-21 08:29:30,https://civitai.com/models/7984?modelVersionId=9413,https://t.me/StableDiffusion_CN/1125966
2023-05-21 08:45:34,https://t.me/AnimeNepbot,https://t.me/StableDiffusion_CN/1126067
2023-05-21 10:31:02,https://www.pixiv.net/artworks/99181485,https://t.me/StableDiffusion_CN/1126320
2023-05-21 11:01:04,https://t.me/CyanNAI/1205,https://t.me/StableDiffusion_CN/1126357
2023-05-21 11:04:09,https://github.com/Alibaba-MIIL/ML_Decoder,https://t.me/StableDiffusion_CN/1126365
2023-05-21 11:04:23,https://github.com/7eu7d7/ML-Danbooru,https://t.me/StableDiffusion_CN/1126366
2023-05-21 11:07:31,https://twitter.com/szcb911/status/1660284556216504321?s=20,https://t.me/StableDiffusion_CN/1126382
2023-05-21 11:07:46,https://huggingface.co/spaces/deepghs/ml-danbooru-demo,https://t.me/StableDiffusion_CN/1126383
2023-05-21 11:28:59,https://civitai.com/models/7996/agm-style,https://t.me/StableDiffusion_CN/1126418
2023-05-21 11:32:43,https://www.bilibili.com/read/cv20221941/,https://t.me/StableDiffusion_CN/1126419
2023-05-21 12:06:32,https://github.com/Mikubill/sd-webui-controlnet/issues/1375,https://t.me/StableDiffusion_CN/1126432
2023-05-21 12:16:09,https://civitai.com/models/27096/epic-mix-anime-nsfw-support,https://t.me/StableDiffusion_CN/1126445
2023-05-21 12:17:34,https://civitai.com/models/55917/supica00-style,https://t.me/StableDiffusion_CN/1126454
2023-05-21 15:04:32,https://labelstud.io/,https://t.me/StableDiffusion_CN/1126532
2023-05-21 16:43:35,https://readhacker.news/s/5F6Ux,https://t.me/StableDiffusion_CN/1126547
2023-05-21 21:48:05,https://civitai.com/models/10701?modelVersionId=75540,https://t.me/StableDiffusion_CN/1126589
2023-05-21 22:53:37,https://twitter.com/fuka_hire/status/1660167211242377217,https://t.me/StableDiffusion_CN/1126819
2023-05-21 23:04:52,https://scikit-learn.org/stable/auto_examples/cluster/plot_agglomerative_dendrogram.html#sphx-glr-auto-examples-cluster-plot-agglomerative-dendrogram-py,https://t.me/StableDiffusion_CN/1126834
2023-05-22 00:46:12,https://www.pkstep.com/archives/22364,https://t.me/StableDiffusion_CN/1127069
2023-05-22 01:28:33,https://youtu.be/hM1dRXYAGWw,https://t.me/StableDiffusion_CN/1127134
2023-05-22 02:15:39,https://www.reddit.com/r/StableDiffusion/comments/xd7b4o/release_stable_diffusion_v15_artist_study_with/,https://t.me/StableDiffusion_CN/1127159
2023-05-22 02:32:02,https://twitter.com/usagi_takumichi/status/1660210953282277379,https://t.me/StableDiffusion_CN/1127165
2023-05-22 03:20:30,https://www.youtube.com/watch?v=Y1gOYtQYRXo&ab_channel=Morphocular,https://t.me/StableDiffusion_CN/1127192
2023-05-22 03:24:39,https://fxtwitter.com/xingxiafa315/status/1660535963024781312,https://t.me/StableDiffusion_CN/1127200
2023-05-22 03:43:19,https://arxiv.org/pdf/2305.08891.pdf,https://t.me/StableDiffusion_CN/1127221
2023-05-22 03:54:15,https://github.com/AUTOMATIC1111/stable-diffusion-webui/assets/28074308/fd7b6689-be65-450a-8d30-05860baa2345,https://t.me/StableDiffusion_CN/1127226
2023-05-22 05:08:34,https://fxtwitter.com/Aida0612/status/1660126769750372352/photo/1,https://t.me/StableDiffusion_CN/1127321
2023-05-22 05:09:22,https://fxtwitter.com/pomujoynet1/status/1660417686600384513/photo/1,https://t.me/StableDiffusion_CN/1127327
2023-05-22 05:09:39,https://fxtwitter.com/_lili_i/status/1660417575053033472,https://t.me/StableDiffusion_CN/1127330
2023-05-22 05:09:56,https://fxtwitter.com/mery__S2_/status/1659936835022508032/photo/1,https://t.me/StableDiffusion_CN/1127333
2023-05-22 05:10:09,https://fxtwitter.com/_lili_i/status/1660467667453743106,https://t.me/StableDiffusion_CN/1127335
2023-05-22 06:38:00,https://www.pixiv.net/tags/%E7%99%BD%E3%82%BF%E3%82%A4%E3%83%84/artworks,https://t.me/StableDiffusion_CN/1127527
2023-05-22 07:20:42,https://huggingface.co/spaces/Geonmo/laion-aesthetic-predictor,https://t.me/StableDiffusion_CN/1127685
2023-05-22 07:48:48,https://youtu.be/hM1dRXYAGWw,https://t.me/StableDiffusion_CN/1127820
2023-05-22 07:51:00,https://t.me/AIaek86,https://t.me/StableDiffusion_CN/1127826
2023-05-22 08:07:29,https://twitter.com/_ukszm/status/1660442843834626048,https://t.me/StableDiffusion_CN/1127908
2023-05-22 08:11:58,https://t.me/aisetu2333,https://t.me/StableDiffusion_CN/1127916
2023-05-22 08:21:57,https://discord.gg/2vQEfKpr,https://t.me/StableDiffusion_CN/1127930
2023-05-22 08:25:01,https://github.com/aleSheng/sd-webui-dragGAN-extension,https://t.me/StableDiffusion_CN/1127935
2023-05-22 08:28:43,https://www.pcmarket.com.hk/changing-objects-in-photo-by-dragging-pixel-draggan/?amp,https://t.me/StableDiffusion_CN/1127948
2023-05-22 08:36:47,https://danbooru.donmai.us/posts?page=3&tags=onineko+,https://t.me/StableDiffusion_CN/1127954
2023-05-22 08:45:05,https://arxiv.org/abs/2305.11206,https://t.me/StableDiffusion_CN/1127959
2023-05-22 09:33:09,https://b23.tv/xEre423,https://t.me/StableDiffusion_CN/1128026
2023-05-22 09:42:04,https://b23.tv/yK1ZXQ9,https://t.me/StableDiffusion_CN/1128038
2023-05-22 09:44:38,https://fxtwitter.com/___OTINTIN/status/1660598960636166144,https://t.me/StableDiffusion_CN/1128039
2023-05-22 10:05:36,https://github.com/AUTOMATIC1111/stable-diffusion-webui/pull/10634,https://t.me/StableDiffusion_CN/1128096
2023-05-22 11:04:53,https://fxtwitter.com/Colon_BR/status/1660255421406547969/photo/1,https://t.me/StableDiffusion_CN/1128338
2023-05-22 11:05:17,https://fxtwitter.com/mutekyan/status/1660247309249294336/photo/1,https://t.me/StableDiffusion_CN/1128340
2023-05-22 11:06:59,https://fxtwitter.com/yukichi_nya___/status/1660247848204783624/photo/1,https://t.me/StableDiffusion_CN/1128345
2023-05-22 11:07:09,https://fxtwitter.com/fjsmu/status/1660216691459235840/photo/1,https://t.me/StableDiffusion_CN/1128348
2023-05-22 11:07:42,https://fxtwitter.com/chuckdaidai/status/1660570564808019969/photo/1,https://t.me/StableDiffusion_CN/1128350
2023-05-22 11:08:36,https://fxtwitter.com/matommmmm/status/1660270169250480134/photo/2,https://t.me/StableDiffusion_CN/1128356
2023-05-22 11:09:08,https://fxtwitter.com/i/status/1660578402389090305,https://t.me/StableDiffusion_CN/1128358
2023-05-22 11:23:08,https://fxtwitter.com/hako_orange/status/1660313449182949376/,https://t.me/StableDiffusion_CN/1128428
2023-05-22 11:27:51,https://fxtwitter.com/xxxxxsaki/status/1660406042294112257/,https://t.me/StableDiffusion_CN/1128454
2023-05-22 11:32:52,https://twitter.com/Vuta_Don,https://t.me/StableDiffusion_CN/1128493
2023-05-22 11:33:21,https://fxtwitter.com/Vixsi1/status/1660448199667253248/photo/1,https://t.me/StableDiffusion_CN/1128496
2023-05-22 11:34:14,https://fxtwitter.com/nzwn_/status/1660211645321469954,https://t.me/StableDiffusion_CN/1128510
2023-05-22 11:34:20,https://twitter.com/ONIMUSHI_HYOGO/status/1660301757287923712,https://t.me/StableDiffusion_CN/1128511
2023-05-22 11:35:17,https://twitter.com/onipro/status/1660270022043009025,https://t.me/StableDiffusion_CN/1128522
2023-05-22 11:37:19,https://fxtwitter.com/fu_choco2/status/1657000616110194694/photo/1,https://t.me/StableDiffusion_CN/1128531
2023-05-22 11:38:31,https://twitter.com/sakuraxx0905/,https://t.me/StableDiffusion_CN/1128536
2023-05-22 11:38:48,https://github.com/hako-mikan/sd-webui-supermerger/issues/19,https://t.me/StableDiffusion_CN/1128537
2023-05-22 11:52:21,https://en.cppreference.com/w/cpp/language/modules,https://t.me/StableDiffusion_CN/1128607
2023-05-22 11:53:38,https://missing.csail.mit.edu/,https://t.me/StableDiffusion_CN/1128625
2023-05-22 12:15:08,https://www.pixiv.net/users/85838652,https://t.me/StableDiffusion_CN/1128739
2023-05-22 14:11:27,https://github.com/AUTOMATIC1111/stable-diffusion-webui/pull/10586#issuecomment-1556375281,https://t.me/StableDiffusion_CN/1129118
2023-05-22 16:22:28,https://github.com/AUTOMATIC1111/stable-diffusion-webui/issues/10625,https://t.me/StableDiffusion_CN/1129134
2023-05-22 21:18:17,https://mind-video.com/,https://t.me/StableDiffusion_CN/1129179
2023-05-22 21:25:29,https://github.com/salesforce/LAVIS/tree/main/projects/instructblip,https://t.me/StableDiffusion_CN/1129193
2023-05-22 22:16:25,https://arxiv.org/abs/2305.13301,https://t.me/StableDiffusion_CN/1129259
2023-05-22 23:41:01,https://github.com/KohakuBlueleaf/LyCORIS/blob/main/tools/merge.py,https://t.me/StableDiffusion_CN/1129613
2023-05-22 23:57:15,https://www.ign.com/articles/best-games-like-genshin-impact,https://t.me/StableDiffusion_CN/1129629
2023-05-23 00:31:11,https://fxtwitter.com/HatenaShun/status/1660423132195454976,https://t.me/StableDiffusion_CN/1129680
2023-05-23 01:14:20,https://fxtwitter.com/DouJiang3200/status/1652608350272774144,https://t.me/StableDiffusion_CN/1129789
2023-05-23 01:40:36,https://youtu.be/fDAPJ7rvcUw,https://t.me/StableDiffusion_CN/1129796
2023-05-23 03:04:12,https://www.youtube.com/watch?v=piF6D6CQxUw&ab_channel=LayerwiseLectures,https://t.me/StableDiffusion_CN/1129836
2023-05-23 03:25:47,https://t.me/Civitai_models,https://t.me/StableDiffusion_CN/1129844
2023-05-23 04:19:41,https://t.me/+01RwSLpkgEw5NTQ1,https://t.me/StableDiffusion_CN/1129876
2023-05-23 05:54:00,https://fxtwitter.com/eco_co3/status/1660946597730217990,https://t.me/StableDiffusion_CN/1129944
2023-05-23 06:04:29,https://www.youtube.com/watch?v=9qOaII_PzGY&ab_channel=ArtemKirsanov,https://t.me/StableDiffusion_CN/1129962
2023-05-23 06:08:14,https://twitter.com/TEIGI_3/status/1660930498296791042,https://t.me/StableDiffusion_CN/1129963
2023-05-23 06:34:36,https://www.pixiv.net/artworks/107371957,https://t.me/StableDiffusion_CN/1129988
2023-05-23 06:41:12,https://github.com/Xerxemi/sdweb-auto-MBW?,https://t.me/StableDiffusion_CN/1130001
2023-05-23 06:54:38,https://civitai.com/images/799665?period=AllTime&periodMode=published&sort=Newest&view=categories&modelVersionId=58149&modelId=15464&postId=215915,https://t.me/StableDiffusion_CN/1130013
2023-05-23 07:44:53,https://www.bilibili.com/read/mobile?id=23363658,https://t.me/StableDiffusion_CN/1130130
2023-05-23 07:46:09,https://www.acceleratori.com/d/11152,https://t.me/StableDiffusion_CN/1130133
2023-05-23 08:06:13,https://labelstud.io/,https://t.me/StableDiffusion_CN/1130226
2023-05-23 08:11:00,https://fxtwitter.com/___OTINTIN/status/1660951016484016129,https://t.me/StableDiffusion_CN/1130252
2023-05-23 08:18:49,https://fxtwitter.com/kakusatou_3333/status/1660982177532878849,https://t.me/StableDiffusion_CN/1130278
2023-05-23 08:29:39,https://fxtwitter.com/Inamori_Ryusa/status/1660913267299225600,https://t.me/StableDiffusion_CN/1130326
2023-05-23 08:46:12,https://fxtwitter.com/awaki___224/status/1660223920119889921,https://t.me/StableDiffusion_CN/1130382
2023-05-23 09:28:08,https://twitter.com/Klee_0303/status/1660973999785127936/photo/1,https://t.me/StableDiffusion_CN/1130431
2023-05-23 09:38:17,https://github.com/6DammK9/nai-anime-pure-negative-prompt/blob/main/ch01/merge.md,https://t.me/StableDiffusion_CN/1130439
2023-05-23 09:47:55,https://www.youtube.com/watch?v=Y2b0MWGwK_U,https://t.me/StableDiffusion_CN/1130451
2023-05-23 10:15:04,https://github.com/mix1009/sdwebuiapi,https://t.me/StableDiffusion_CN/1130480
2023-05-23 11:07:54,https://github.com/AUTOMATIC1111/stable-diffusion-webui/issues/10636,https://t.me/StableDiffusion_CN/1130556
2023-05-23 11:17:15,https://arca.live/b/aiart?category=%EC%8B%A4%ED%97%98%EC%A0%95%EB%B3%B4,https://t.me/StableDiffusion_CN/1130566
2023-05-23 12:07:23,https://t.me/StableDiffusion_CN/1130597,https://t.me/StableDiffusion_CN/1130704
2023-05-23 12:08:57,https://twitter.com/onineko26,https://t.me/StableDiffusion_CN/1130708
2023-05-23 12:20:31,https://github.com/narugo1992/gchar,https://t.me/StableDiffusion_CN/1130740
2023-05-23 12:31:20,https://github.com/trojblue/twitter-suite/blob/main/twitter_suite/ingest/get_danbooru_username.py,https://t.me/StableDiffusion_CN/1130753
2023-05-23 12:35:52,https://t.me/CyanFalseBot,https://t.me/StableDiffusion_CN/1130758
2023-05-23 12:50:16,https://civitai.com/models/60203/counteranymini-mix,https://t.me/StableDiffusion_CN/1130805
2023-05-23 13:06:25,https://t.me/StableDiffusion_CN/1130545,https://t.me/StableDiffusion_CN/1130901
2023-05-23 13:26:03,https://github.com/6DammK9/nai-anime-pure-negative-prompt/blob/main/ch02/model_history.md,https://t.me/StableDiffusion_CN/1131021
2023-05-23 14:05:11,https://t.me/AIaek86,https://t.me/StableDiffusion_CN/1131126
2023-05-23 21:37:23,https://twitter.com/alfredplpl/status/1660072933426081792,https://t.me/StableDiffusion_CN/1131267
2023-05-23 21:41:51,https://www.bilibili.com/video/av401493547,https://t.me/StableDiffusion_CN/1131276
2023-05-23 21:46:28,https://twitter.com/PellyNV/status/1661035100581113858?s=19,https://t.me/StableDiffusion_CN/1131288
2023-05-23 21:49:21,https://www.ptt.cc/bbs/C_Chat/M.1684882812.A.9BD.html,https://t.me/StableDiffusion_CN/1131291
2023-05-23 21:49:42,https://arxiv.org/abs/2305.13579,https://t.me/StableDiffusion_CN/1131293
2023-05-23 21:57:39,https://arxiv.org/abs/2305.14314,https://t.me/StableDiffusion_CN/1131297
2023-05-23 22:16:31,https://www.reddit.com/r/StableDiffusion/comments/13ppmtk/sdxl_is_now_50_trained_and_we_need_your_help/,https://t.me/StableDiffusion_CN/1131306
2023-05-23 22:18:12,https://github.com/microsoft/Olive/tree/main/examples/directml/stable_diffusion,https://t.me/StableDiffusion_CN/1131311
2023-05-23 22:56:33,https://www.youtube.com/watch?v=hhiLw5Q_UFg,https://t.me/StableDiffusion_CN/1131330
2023-05-23 23:46:45,https://www.bilibili.com/video/av228725020,https://t.me/StableDiffusion_CN/1131341
2023-05-23 23:52:40,https://www.reddit.com/r/StableDiffusion/comments/13ppmtk/sdxl_is_now_50_trained_and_we_need_your_help/,https://t.me/StableDiffusion_CN/1131345
2023-05-24 00:41:37,https://t.me/CyanNAI/1205,https://t.me/StableDiffusion_CN/1131394
2023-05-24 00:59:14,https://civitai.com/models/35479/guihuagao-some-sort-of-style-lora,https://t.me/StableDiffusion_CN/1131421
2023-05-24 01:00:09,https://civitai.com/models/9266/kincora-style-lora-66-mb,https://t.me/StableDiffusion_CN/1131422
2023-05-24 01:26:30,https://twitter.com/Adobe/status/1660964405893541888,https://t.me/StableDiffusion_CN/1131451
2023-05-24 01:33:21,https://twitter.com/8co28/status/1661197544914063362,https://t.me/StableDiffusion_CN/1131455
2023-05-24 01:40:56,https://finance.sina.cn/tech/2023-05-23/detail-imyuupny3807300.d.html?from=wap,https://t.me/StableDiffusion_CN/1131463
2023-05-24 01:42:38,https://youtu.be/7-428FWQHMs,https://t.me/StableDiffusion_CN/1131465
2023-05-24 02:28:36,https://twitter.com/8co28/status/1661203597244375040?,https://t.me/StableDiffusion_CN/1131508
2023-05-24 02:41:47,https://huggingface.co/sazyou-roukaku/chilled_remix,https://t.me/StableDiffusion_CN/1131597
2023-05-24 02:42:16,https://t.me/aisetu2333,https://t.me/StableDiffusion_CN/1131603
2023-05-24 02:46:07,https://discord.gg/ai-jp,https://t.me/StableDiffusion_CN/1131635
2023-05-24 02:46:15,https://huggingface.co/nuigurumi/basil_mix/discussions/23#643e3ef41d0e956d94ba02f0,https://t.me/StableDiffusion_CN/1131636
2023-05-24 02:48:50,https://aihub.tokyo/,https://t.me/StableDiffusion_CN/1131662
2023-05-24 02:49:09,https://discord.gg/2f3EPJ3R,https://t.me/StableDiffusion_CN/1131666
2023-05-24 03:27:30,https://smartlabai.medium.com/a-brief-overview-of-imitation-learning-8a8a75c44a9c,https://t.me/StableDiffusion_CN/1131830
2023-05-24 03:43:26,https://www.youtube.com/watch?v=cufOEzoVMVA&ab_channel=ArtemKirsanov,https://t.me/StableDiffusion_CN/1131858
2023-05-24 04:11:28,https://github.com/drboog/ProFusion,https://t.me/StableDiffusion_CN/1131874
2023-05-24 04:46:39,https://www.theblockbeats.info/flash/139248?from=telegram,https://t.me/StableDiffusion_CN/1131901
2023-05-24 04:47:15,https://gbcode.rthk.hk/TuniS/news.rthk.hk/rthk/ch/component/k2/1701837-20230523.htm?spTabChangeable=0,https://t.me/StableDiffusion_CN/1131902
2023-05-24 06:20:24,https://twitter.com/maka_hayashi/status/1661022615467884546?s=20,https://t.me/StableDiffusion_CN/1131980
2023-05-24 06:26:21,https://twitter.com/matchach/status/1661004301068816385?s=20,https://t.me/StableDiffusion_CN/1131983
2023-05-24 06:28:10,https://twitter.com/TorinoAqua/status/1661315970617712641/photo/1,https://t.me/StableDiffusion_CN/1131986
2023-05-24 06:37:31,https://twitter.com/its_horace/status/1661133406732963840?t=7PKHimkeKyC4diguSkwglQ&s=35,https://t.me/StableDiffusion_CN/1131997
2023-05-24 07:07:27,https://youtu.be/islWCm26zk4,https://t.me/StableDiffusion_CN/1132028
2023-05-24 07:15:08,https://twitter.com/wagashi928/status/1661309323996446721/photo/1,https://t.me/StableDiffusion_CN/1132040
2023-05-24 07:16:47,https://fxtwitter.com/___OTINTIN/status/1661298303634644993,https://t.me/StableDiffusion_CN/1132044
2023-05-24 07:17:41,https://fxtwitter.com/mamy6o6/status/1661296913088667648,https://t.me/StableDiffusion_CN/1132047
2023-05-24 07:28:35,https://www.cherrymx.de/en/cherry-mx/mx-special/mx-green.html,https://t.me/StableDiffusion_CN/1132069
2023-05-24 07:50:04,https://twitter.com/Callimiya/status/1661280880835305472?t=HD2YP04RL5YQ04hVWro04g&s=35,https://t.me/StableDiffusion_CN/1132074
2023-05-24 07:57:26,https://t.me/StableDiffusion_CN/1131475,https://t.me/StableDiffusion_CN/1132079
2023-05-24 08:44:41,https://t.me/CyanNAI/1040,https://t.me/StableDiffusion_CN/1132118
2023-05-24 09:22:02,https://t.me/+PJLfix1CJZ5iMWUx,https://t.me/StableDiffusion_CN/1132234
2023-05-24 09:38:42,https://arxiv.org/abs/2303.08084,https://t.me/StableDiffusion_CN/1132273
2023-05-24 09:40:40,https://twitter.com/wd_kuyokuyo/status/1661250998269280257?t=eCQfYbdXd13_9I5wHX6tXg&s=19,https://t.me/StableDiffusion_CN/1132286
2023-05-24 09:56:06,https://dic.pixiv.net/a/%E8%83%8C%E9%9D%A2%E9%A7%85%E5%BC%81,https://t.me/StableDiffusion_CN/1132328
2023-05-24 10:00:32,https://ja.wikipedia.org/wiki/%E9%A7%85%E5%BC%81%E4%BD%93%E4%BD%8D,https://t.me/StableDiffusion_CN/1132344
2023-05-24 11:51:42,https://en.wikipedia.org/wiki/Shades_of_white,https://t.me/StableDiffusion_CN/1132585
2023-05-24 11:52:26,https://civitai.com/models/31610?modelVersionId=67842,https://t.me/StableDiffusion_CN/1132587
2023-05-24 12:47:41,https://github.com/EniasCailliau/GirlfriendGPT,https://t.me/StableDiffusion_CN/1132680
2023-05-24 12:48:51,https://fxtwitter.com/tina_oekaki/status/1661332319637213185,https://t.me/StableDiffusion_CN/1132682
2023-05-24 13:11:51,https://fxtwitter.com/tsuyurieri1228/status/1660970597034393601,https://t.me/StableDiffusion_CN/1132691
2023-05-24 14:05:27,https://fxtwitter.com/_lili_i/status/1661380967368478724,https://t.me/StableDiffusion_CN/1132692
2023-05-24 15:31:56,https://twitter.com/camenduru/status/1661396114434654212?t=DhhJ23bwMqEuRm60gYB8lw&s=19,https://t.me/StableDiffusion_CN/1132716
2023-05-24 20:49:05,https://twitter.com/DrJimFan/status/1661429158113865734?t=k1RwiZCI4t3mAd6n00jBkw&s=19,https://t.me/StableDiffusion_CN/1132745
2023-05-24 21:41:55,https://twitter.com/LiJunnan0409/status/1661537224947810304?t=cP1V7Qw5ABvLvcLKZs3qcw&s=19,https://t.me/StableDiffusion_CN/1132766
2023-05-24 23:41:22,https://twitter.com/tengyuma/status/1661412995430219786,https://t.me/StableDiffusion_CN/1132853
2023-05-24 23:59:07,https://twitter.com/Tim_Dettmers/status/1661379354507476994?s=20,https://t.me/StableDiffusion_CN/1132869
2023-05-25 00:00:52,https://arxiv.org/abs/2305.14314,https://t.me/StableDiffusion_CN/1132881
2023-05-25 00:01:00,https://github.com/artidoro/qlora,https://t.me/StableDiffusion_CN/1132884
2023-05-25 00:03:30,https://twitter.com/arankomatsuzaki/status/1661541064367386624?s=20,https://t.me/StableDiffusion_CN/1132889
2023-05-25 00:07:04,https://fxtwitter.com/apex_strong/status/1661318319486689281?s=20,https://t.me/StableDiffusion_CN/1132894
2023-05-25 00:52:40,https://github.com/AUTOMATIC1111/stable-diffusion-webui/pull/10649,https://t.me/StableDiffusion_CN/1133014
2023-05-25 00:55:01,https://github.com/AUTOMATIC1111/stable-diffusion-webui/pull/10648,https://t.me/StableDiffusion_CN/1133030
2023-05-25 02:15:52,https://support.patreon.com/hc/en-us/articles/360021113811-How-do-I-request-a-refund-,https://t.me/StableDiffusion_CN/1133200
2023-05-25 02:16:53,https://www.pixiv.net/artworks/105728237,https://t.me/StableDiffusion_CN/1133206
2023-05-25 02:19:41,https://robertsspaceindustries.com/,https://t.me/StableDiffusion_CN/1133218
2023-05-25 02:30:56,https://www.bilibili.com/video/BV1xg411e71v,https://t.me/StableDiffusion_CN/1133262
2023-05-25 02:32:44,https://keiyuu.gumroad.com/l/amvqr,https://t.me/StableDiffusion_CN/1133271
2023-05-25 02:52:02,https://github.com/hako-mikan/sd-webui-lora-block-weight,https://t.me/StableDiffusion_CN/1133340
2023-05-25 04:15:07,https://twitter.com/birdman46049238/status/1661639703039479809?s=20,https://t.me/StableDiffusion_CN/1133553
2023-05-25 04:18:10,https://twitter.com/UraMitsuru1206/status/1661344412243468288?s=20,https://t.me/StableDiffusion_CN/1133571
2023-05-25 07:20:30,https://www.bilibili.com/video/BV1Sc411A7bD,https://t.me/StableDiffusion_CN/1133743
2023-05-25 08:37:06,https://zodgame.xyz/forum.php?mod=viewthread&tid=257049&extra=page%3D1,https://t.me/StableDiffusion_CN/1133846
2023-05-25 08:54:59,https://twitter.com/amimonoobake/status/1661302869717553152,https://t.me/StableDiffusion_CN/1133952
2023-05-25 09:06:30,https://www.youtube.com/watch?v=aMyik1YF1Lo,https://t.me/StableDiffusion_CN/1133986
2023-05-25 11:01:45,https://twitter.com/lchiyoshi/status/1571473331832094720,https://t.me/StableDiffusion_CN/1134139
2023-05-25 11:03:42,https://fxtwitter.com/cctvidiots/status/1661647752843993088,https://t.me/StableDiffusion_CN/1134142
2023-05-25 11:08:30,https://twitter.com/sattou0/status/1661571540054319105?s=20,https://t.me/StableDiffusion_CN/1134144
2023-05-25 11:12:07,https://fxtwitter.com/HumansNoContext/status/1661740059597623302?s=20,https://t.me/StableDiffusion_CN/1134148
2023-05-25 12:02:26,https://github.com/Mikubill/sd-webui-controlnet/pull/1422,https://t.me/StableDiffusion_CN/1134182
2023-05-25 12:42:45,https://github.com/Mikubill/sd-webui-controlnet/discussions/1423#discussioncomment-6002234,https://t.me/StableDiffusion_CN/1134294
2023-05-25 12:45:58,https://www.pixiv.net/en/users/40565647,https://t.me/StableDiffusion_CN/1134310
2023-05-25 13:16:26,https://fxtwitter.com/_lili_i/status/1661551776393469952,https://t.me/StableDiffusion_CN/1134541
2023-05-25 13:23:49,https://twitter.com/vitabondage_m/status/1661736921784270853?t=oMhEA_B5N1RhR9N6fK2X8A&s=35,https://t.me/StableDiffusion_CN/1134554
2023-05-25 15:45:29,https://twitter.com/shimatsuku/status/1535201511000510464,https://t.me/StableDiffusion_CN/1134573
2023-05-25 20:57:32,https://cr.cyfan.top/s/X9tw,https://t.me/StableDiffusion_CN/1134592
2023-05-25 20:58:56,https://twitter.com/e7CdUVTndAtBvP6/,https://t.me/StableDiffusion_CN/1134593
2023-05-25 21:25:15,https://twitter.com/Muennighoff/status/1661895797946957830?t=jRBVJnc9Mr1rWK-5AFDzmQ&s=35,https://t.me/StableDiffusion_CN/1134608
2023-05-25 22:47:07,https://t.me/StableDiffusion_CN/1131475,https://t.me/StableDiffusion_CN/1134698
2023-05-25 23:03:29,https://cr.cyfan.top/s/xvh4,https://t.me/StableDiffusion_CN/1134778
2023-05-25 23:41:05,https://github.com/deep-floyd/IF/pull/61,https://t.me/StableDiffusion_CN/1134855
2023-05-26 00:29:59,https://t.me/c/1885997976/1127,https://t.me/StableDiffusion_CN/1134933
2023-05-26 00:36:45,https://t.me/StableDiffusion_CN/150063,https://t.me/StableDiffusion_CN/1134961
2023-05-26 00:49:14,https://t.me/Civitai_models/59027,https://t.me/StableDiffusion_CN/1134981
2023-05-26 00:55:04,https://civitai.com/models/26477/doll-style-photography-art-realisticjoints-dollsdbjdmdddddds,https://t.me/StableDiffusion_CN/1135007
2023-05-26 00:59:24,https://twitter.com/Ruri_LapisL,https://t.me/StableDiffusion_CN/1135018
2023-05-26 01:15:08,https://twitter.com/_Yunsang/status/1661657235704143872,https://t.me/StableDiffusion_CN/1135052
2023-05-26 01:19:41,https://www.chai-research.com/competition.html,https://t.me/StableDiffusion_CN/1135065
2023-05-26 02:43:15,https://fxtwitter.com/azurlane_staff/status/1661947180524122113,https://t.me/StableDiffusion_CN/1135212
2023-05-26 03:00:19,https://github.com/Mikubill/sd-webui-controlnet/discussions/1431,https://t.me/StableDiffusion_CN/1135268
2023-05-26 03:06:50,https://github.com/SHI-Labs/Prompt-Free-Diffusion,https://t.me/StableDiffusion_CN/1135273
2023-05-26 03:07:46,https://arxiv.org/abs/2305.16223,https://t.me/StableDiffusion_CN/1135274
2023-05-26 03:12:56,https://m.caixin.com/m/2023-05-25/102058851.html?cx_referer=https%3A%2F%2Fwww.caixin.com%2F2023-05-25%2F102058851.html,https://t.me/StableDiffusion_CN/1135276
2023-05-26 03:56:22,https://twitter.com/sudamin/status/1661930106791796736,https://t.me/StableDiffusion_CN/1135319
2023-05-26 04:07:17,https://bytehorizon.net/archives/tsuyan/7/,https://t.me/StableDiffusion_CN/1135345
2023-05-26 04:11:13,https://huggingface.co/datasets/wanng/midjourney-v5-202304-clean,https://t.me/StableDiffusion_CN/1135356
2023-05-26 04:15:17,https://twitter.com/8co28/status/1661713063400337408?t=Zj2-SQ5wOfi2n65xcsFQMw&s=19,https://t.me/StableDiffusion_CN/1135373
2023-05-26 04:39:12,https://pypi.org/project/OpenEXR/#history,https://t.me/StableDiffusion_CN/1135452
2023-05-26 05:15:40,https://twitter.com/tabisumika/status/1661618457052598272,https://t.me/StableDiffusion_CN/1135505
2023-05-26 05:20:53,https://fxtwitter.com/_lili_i/status/1661925477567860736,https://t.me/StableDiffusion_CN/1135507
2023-05-26 06:11:16,https://fxtwitter.com/rubidiumo/status/1662038114477699072,https://t.me/StableDiffusion_CN/1135567
2023-05-26 06:38:47,https://youtu.be/QHcbfiqT6Jc,https://t.me/StableDiffusion_CN/1135601
2023-05-26 06:45:12,https://twitter.com/ryohka_jp/status/1659117629494407171/photo/1,https://t.me/StableDiffusion_CN/1135603
2023-05-26 09:12:09,https://exhentai.org/g/2563520/250a338dd4/,https://t.me/StableDiffusion_CN/1135849
2023-05-26 09:28:24,https://twitter.com/gabiran_/status/1662061220512542720,https://t.me/StableDiffusion_CN/1135898
2023-05-26 10:36:28,https://twitter.com/sstj389/status/1662103797114769408,https://t.me/StableDiffusion_CN/1135993
2023-05-26 11:54:28,https://github.com/nonnonstop/sd-webui-3d-open-pose-editor,https://t.me/StableDiffusion_CN/1136168
2023-05-26 11:54:35,https://drive.google.com/file/d/1QbYJnbBT11ddIp06QZJ2HULfpErlxKN-/view,https://t.me/StableDiffusion_CN/1136170
2023-05-26 13:29:27,https://zh.wikipedia.org/wiki/%E6%9C%80%E8%BF%91%E5%85%B1%E5%90%8C%E7%A5%96%E5%85%88,https://t.me/StableDiffusion_CN/1136369
2023-05-26 13:57:22,https://twitter.com/theposearchives/status/1661911116199628801?t=B1SC1g4R0i35PcV_W3CW0g&s=19,https://t.me/StableDiffusion_CN/1136441
2023-05-26 14:04:07,https://danbooru.donmai.us/artists/187048,https://t.me/StableDiffusion_CN/1136453
2023-05-26 14:17:09,https://www.reddit.com/r/StableDiffusion/comments/13rzr51/unicontrolnet_allinone_control_to_texttoimage/,https://t.me/StableDiffusion_CN/1136463
2023-05-26 15:49:41,https://github.com/libvips/libvips,https://t.me/StableDiffusion_CN/1136538
2023-05-26 15:54:03,https://github.com/libvips/libvips/wiki/Speed-and-memory-use,https://t.me/StableDiffusion_CN/1136551
2023-05-26 16:22:59,https://colab.research.google.com/drive/1HA-6XhFWupNr59vkDcdqSF6A6KHjvzxr#scrollTo=SaAJk33ppFw1,https://t.me/StableDiffusion_CN/1136565
2023-05-26 16:29:19,https://colab.research.google.com/drive/1cnXbXizXnqqTaoWKzAPKoMVjz7L7ktGW#scrollTo=p6cStOM_nwqv,https://t.me/StableDiffusion_CN/1136570
2023-05-26 16:35:08,https://github.com/vladmandic/automatic,https://t.me/StableDiffusion_CN/1136590
2023-05-26 16:54:32,https://civitai.com/models/7240/meinamix,https://t.me/StableDiffusion_CN/1136612
2023-05-26 18:27:53,https://github.com/HKUNLP/batch-prompting,https://t.me/StableDiffusion_CN/1136616
2023-05-26 22:49:20,https://openai.com/blog/democratic-inputs-to-ai?s=09,https://t.me/StableDiffusion_CN/1136713
2023-05-26 23:28:55,https://colab.research.google.com/drive/17yM4mlPVOFdJE_81oWBz5mXH9cxvhmz8,https://t.me/StableDiffusion_CN/1136809
2023-05-27 00:18:19,https://twitter.com/yuyuharu_1027/status/1662046883244802050/photo/1,https://t.me/StableDiffusion_CN/1136846
2023-05-27 00:29:53,https://fxtwitter.com/1ssaKawaguchi/status/1661869819950678017,https://t.me/StableDiffusion_CN/1136855
2023-05-27 00:30:09,https://fxtwitter.com/yoshitake_pmgd/status/1661713286323159041,https://t.me/StableDiffusion_CN/1136856
2023-05-27 00:30:32,https://fxtwitter.com/mochi_mi8042/status/1661635151204605954,https://t.me/StableDiffusion_CN/1136857
2023-05-27 01:28:32,https://twitter.com/TEIGI_3/status/1662147936636260352/photo/1,https://t.me/StableDiffusion_CN/1136893
2023-05-27 01:39:08,https://www.pixiv.net/users/6982825,https://t.me/StableDiffusion_CN/1136901
2023-05-27 01:50:21,https://twitter.com/aki_goodspeed,https://t.me/StableDiffusion_CN/1136913
2023-05-27 01:51:20,https://twitter.com/makoron117117,https://t.me/StableDiffusion_CN/1136916
2023-05-27 01:52:35,https://twitter.com/shuu_Illust,https://t.me/StableDiffusion_CN/1136919
2023-05-27 01:53:22,https://twitter.com/Elysia_love,https://t.me/StableDiffusion_CN/1136920
2023-05-27 01:53:48,https://twitter.com/JIYUKENKYU_jp,https://t.me/StableDiffusion_CN/1136921
2023-05-27 01:55:07,https://twitter.com/00x0044/status/1662117947744354306/photo/1,https://t.me/StableDiffusion_CN/1136925
2023-05-27 01:56:51,https://fxtwitter.com/iuui1551/status/1662233292211630080,https://t.me/StableDiffusion_CN/1136928
2023-05-27 02:03:10,https://twitter.com/sunchikusunoki/status/1661757066493718528/photo/1,https://t.me/StableDiffusion_CN/1136937
2023-05-27 02:03:36,https://fxtwitter.com/chubbyemu/status/1661876402583371778/photo/1,https://t.me/StableDiffusion_CN/1136938
2023-05-27 02:04:05,https://fxtwitter.com/muryou_tada/status/1661723522430029834/photo/1,https://t.me/StableDiffusion_CN/1136939
2023-05-27 02:05:44,https://fxtwitter.com/garoppui/status/1662067055330222080,https://t.me/StableDiffusion_CN/1136940
2023-05-27 02:09:14,https://twitter.com/tsuyurieri1228/status/1662310180602933248?s=46&t=45pC7bcT8RpAhj9NQE-Bjw,https://t.me/StableDiffusion_CN/1136942
2023-05-27 02:10:00,https://sizigi.notion.site/A-New-Niji-Style-fa8b42b0f72a4295877711827c8eba4f,https://t.me/StableDiffusion_CN/1136945
2023-05-27 02:19:51,https://twitter.com/PicturesFoIder/status/1662107912741715968,https://t.me/StableDiffusion_CN/1136948
2023-05-27 02:20:22,https://twitter.com/mosin340/status/1662009813520502784?s=20,https://t.me/StableDiffusion_CN/1136949
2023-05-27 02:22:58,https://fxtwitter.com/kahlua_rarara/status/1662267091465170944,https://t.me/StableDiffusion_CN/1136950
2023-05-27 02:25:52,https://www.youtube.com/watch?v=TPYqrVDlc_4,https://t.me/StableDiffusion_CN/1136952
2023-05-27 05:17:04,https://fxtwitter.com/linaqruf_/status/1659502646427025409,https://t.me/StableDiffusion_CN/1137312
2023-05-27 05:24:24,https://vxtwitter.com/RED_Reader_SPC/status/1614752054630563840,https://t.me/StableDiffusion_CN/1137376
2023-05-27 05:29:53,https://arxiv.org/abs/2305.03053,https://t.me/StableDiffusion_CN/1137423
2023-05-27 05:34:17,https://twitter.com/TEIGI_3/status/1662390866756128769/photo/1,https://t.me/StableDiffusion_CN/1137436
2023-05-27 05:34:26,https://arxiv.org/abs/2209.04836,https://t.me/StableDiffusion_CN/1137437
2023-05-27 05:35:56,https://twitter.com/sia_Job00/status/1560221535751000064/photo/1,https://t.me/StableDiffusion_CN/1137443
2023-05-27 06:01:37,https://twitter.com/AlexAIDaily/status/1662097326716997632?t=qcI1DAW7k__13ZIC578ekg&s=35,https://t.me/StableDiffusion_CN/1137476
2023-05-27 06:03:04,https://www.pixiv.net/users/472910/artworks?p=1,https://t.me/StableDiffusion_CN/1137479
2023-05-27 06:03:37,https://twitter.com/HOooooZY/status/1662389621794439168?s=20,https://t.me/StableDiffusion_CN/1137482
2023-05-27 06:03:46,https://twitter.com/potg333/status/1662398483398291456?s=20,https://t.me/StableDiffusion_CN/1137483
2023-05-27 06:04:58,https://twitter.com/ekureea/status/1662398241395056641,https://t.me/StableDiffusion_CN/1137490
2023-05-27 06:06:14,https://twitter.com/hardmaru/status/1662379726017826817,https://t.me/StableDiffusion_CN/1137491
2023-05-27 06:20:28,https://www.youtube.com/watch?v=5RN_4PQ0j1A,https://t.me/StableDiffusion_CN/1137503
2023-05-27 06:44:52,https://cr.cyfan.top/s/zZiz,https://t.me/StableDiffusion_CN/1137521
2023-05-27 06:47:20,https://github.com/CCRcmcpe/scal-sdt/blob/main/ckpt_tool.py,https://t.me/StableDiffusion_CN/1137541
2023-05-27 07:20:15,https://fxtwitter.com/KoshiTachibana/status/1662263373428592640,https://t.me/StableDiffusion_CN/1137615
2023-05-27 07:25:34,https://twitter.com/Yokohara_h/status/1662249167618539520?s=20&fbclid=IwAR3v2UefvWuwg7IcrTkKz08Hjx_IvMJUf76yXIFRq42biLXZaEDDk-i3vpo,https://t.me/StableDiffusion_CN/1137626
2023-05-27 07:40:53,https://twitter.com/JakubJavora/status/1658831520927297538,https://t.me/StableDiffusion_CN/1137650
2023-05-27 07:49:43,https://twitter.com/takeG05/status/1662385214990196737/photo/1,https://t.me/StableDiffusion_CN/1137667
2023-05-27 08:04:22,https://twitter.com/shu__bii/status/1662036332292771840/photo/1,https://t.me/StableDiffusion_CN/1137680
2023-05-27 08:20:29,https://twitter.com/HOooooZY/status/1662389621794439168?s=20,https://t.me/StableDiffusion_CN/1137699
2023-05-27 08:20:49,https://twitter.com/swan0517/status/1662386912408076289,https://t.me/StableDiffusion_CN/1137700
2023-05-27 08:25:23,https://t.me/+H4EGgSS-WH8wYzBl,https://t.me/StableDiffusion_CN/1137716
2023-05-27 08:27:06,https://www.liblibai.com/?bd_vid=12372077202365646803#/这个,https://t.me/StableDiffusion_CN/1137718
2023-05-27 08:56:52,https://fxtwitter.com/_lili_i/status/1662369660493516800,https://t.me/StableDiffusion_CN/1137743
2023-05-27 09:01:07,https://fxtwitter.com/KuroTuki_nn/status/1662389006745878528,https://t.me/StableDiffusion_CN/1137754
2023-05-27 09:05:43,https://fxtwitter.com/monaka_0326_/status/1662430079690088449,https://t.me/StableDiffusion_CN/1137758
2023-05-27 11:37:47,https://colab.research.google.com/drive/1ZFQdoaCr2QFEsRkZvqMOupuU_ihH79Qx,https://t.me/StableDiffusion_CN/1137799
2023-05-27 12:47:32,https://serverfault.com/questions/328361/tcptrack-shows-syn-sent-connections-does-that-mean-the-syn-package-reached-the#328375,https://t.me/StableDiffusion_CN/1137903
2023-05-27 12:59:37,https://www.bilibili.com/video/BV19T41147sU,https://t.me/StableDiffusion_CN/1137914
2023-05-27 20:39:35,https://www.dlsite.com/maniax/circle/profile/=/maker_id/RG25216.html,https://t.me/StableDiffusion_CN/1138095
2023-05-27 20:56:14,https://github.com/visual-layer/fastdup,https://t.me/StableDiffusion_CN/1138098
2023-05-27 22:53:08,https://www.pixiv.net/artworks/108389430,https://t.me/StableDiffusion_CN/1138131
2023-05-28 00:47:15,https://github.com/mist-project/mist,https://t.me/StableDiffusion_CN/1138210
2023-05-28 00:48:38,https://twitter.com/p1atdev_art/status/1662356917640110083?t=BKmh19Q-jfh1cxBd_F5elg&s=19,https://t.me/StableDiffusion_CN/1138215
2023-05-28 00:55:35,https://github.com/chaofengc/IQA-PyTorch,https://t.me/StableDiffusion_CN/1138240
2023-05-28 01:06:08,https://mist-project.github.io/index_en.html,https://t.me/StableDiffusion_CN/1138254
2023-05-28 01:22:10,https://www.bilibili.com/video/BV1As4y1T7uB,https://t.me/StableDiffusion_CN/1138273
2023-05-28 02:13:26,https://twitter.com/jeonghee1414/status/1662387366106132481?s=20,https://t.me/StableDiffusion_CN/1138329
2023-05-28 02:28:55,https://t.me/AnimeNep,https://t.me/StableDiffusion_CN/1138395
2023-05-28 02:29:57,https://fxtwitter.com/NoCatsNoLife_m/status/1662588590524874752?s=20,https://t.me/StableDiffusion_CN/1138398
2023-05-28 02:44:51,https://github.com/l4rz/building-a-poor-mans-supercomputer,https://t.me/StableDiffusion_CN/1138509
2023-05-28 02:52:37,https://robertsspaceindustries.com/,https://t.me/StableDiffusion_CN/1138583
2023-05-28 03:11:05,https://twitter.com/szcb911/status/1662711071810142208,https://t.me/StableDiffusion_CN/1138706
2023-05-28 03:14:56,https://www.techpowerup.com/gpu-specs/msi-rtx-2080-ti-lightning-z.b6613,https://t.me/StableDiffusion_CN/1138725
2023-05-28 03:16:17,https://fxtwitter.com/fgvbhjgyftyvgh/status/1662408198043869186/,https://t.me/StableDiffusion_CN/1138734
2023-05-28 03:16:41,https://fxtwitter.com/Re_animak/status/1662348040303435780/,https://t.me/StableDiffusion_CN/1138736
2023-05-28 03:38:00,https://www.ithome.com/0/695/774.htm,https://t.me/StableDiffusion_CN/1138838
2023-05-28 04:19:58,https://twitter.com/kaoming775/status/1621464142803779584,https://t.me/StableDiffusion_CN/1138925
2023-05-28 04:45:15,https://twitter.com/234itiri/status/1661643562231169024/photo/1,https://t.me/StableDiffusion_CN/1138950
2023-05-28 04:48:07,https://fxtwitter.com/narunadayo/status/1662428567387668481/photo/1,https://t.me/StableDiffusion_CN/1138957
2023-05-28 04:59:23,https://twitter.com/karohroka/status/1659865596031545345/photo/1,https://t.me/StableDiffusion_CN/1138977
2023-05-28 05:33:57,https://civitai.com/user/maruboks01263,https://t.me/StableDiffusion_CN/1138990
2023-05-28 06:08:02,https://www.bilibili.com/video/av444125285,https://t.me/StableDiffusion_CN/1139032
2023-05-28 06:33:20,https://twitter.com/Anonamos_701/status/1662243296758976513,https://t.me/StableDiffusion_CN/1139074
2023-05-28 07:11:09,https://fxtwitter.com/komarii_/status/1662451461811499014,https://t.me/StableDiffusion_CN/1139130
2023-05-28 07:16:36,https://www.bilibili.com/video/BV1Gh4y1Z7kz,https://t.me/StableDiffusion_CN/1139135
2023-05-28 08:38:47,https://fxtwitter.com/Figensport/status/1662557015607062528,https://t.me/StableDiffusion_CN/1139190
2023-05-28 09:41:44,https://fxtwitter.com/Muo_0929/status/1662711024636809221?s=20,https://t.me/StableDiffusion_CN/1139243
2023-05-28 09:49:45,https://fxtwitter.com/sion_0d1m/status/1662243902655549440/photo/1,https://t.me/StableDiffusion_CN/1139255
2023-05-28 09:49:59,https://fxtwitter.com/mochigomerenshu/status/1662456429398327298/photo/1,https://t.me/StableDiffusion_CN/1139256
2023-05-28 11:41:32,https://twitter.com/houk1se1/status/1662844449507131393/photo/1,https://t.me/StableDiffusion_CN/1139355
2023-05-28 11:54:21,https://exhentai.org/tag/artist:egami,https://t.me/StableDiffusion_CN/1139363
2023-05-28 12:25:52,https://vxtwitter.com/sion_0d1m/status/1662798016913485825?s=52,https://t.me/StableDiffusion_CN/1139395
2023-05-28 14:09:22,https://www.pixiv.net/artworks/108534305,https://t.me/StableDiffusion_CN/1139438
2023-05-28 19:27:57,https://github.com/AUTOMATIC1111/stable-diffusion-webui-tensorrt,https://t.me/StableDiffusion_CN/1139612
2023-05-28 21:48:57,https://preview.redd.it/e0xjg7leqf091.jpg?auto=webp&s=90dd3288b0bb6633ffa79d10802695c74b1b569a,https://t.me/StableDiffusion_CN/1139628
2023-05-28 23:13:32,https://mysupport.razer.com/app/answers/detail/a_id/5776,https://t.me/StableDiffusion_CN/1139720
2023-05-29 00:01:35,https://www.youtube.com/watch?v=fHwmLOYJU_w,https://t.me/StableDiffusion_CN/1139764
2023-05-29 00:23:07,https://discord.com/channels/930499730843250783/930499731451428926/1107594993318768730,https://t.me/StableDiffusion_CN/1139776
2023-05-29 00:25:40,https://twitter.com/Yukikaze__08/status/1662764593465430018,https://t.me/StableDiffusion_CN/1139778
2023-05-29 00:28:12,https://saltacc.notion.site/saltacc/WD-1-5-Beta-3-Release-Notes-1e35a0ed1bb24c5b93ec79c45c217f63,https://t.me/StableDiffusion_CN/1139784
2023-05-29 00:29:39,https://twitter.com/PicturesFoIder/status/1663016973477789698,https://t.me/StableDiffusion_CN/1139786
2023-05-29 00:51:43,https://twitter.com/Colon_BR/status/1662421724904984582/photo/1,https://t.me/StableDiffusion_CN/1139795
2023-05-29 01:38:02,https://twitter.com/beco_1122/status/1662808232375779328/photo/1,https://t.me/StableDiffusion_CN/1139823
2023-05-29 02:36:33,https://benchlife.info/asus-might-announce-rog-matrix-geforce-rtx-4090-at-computex-2023/,https://t.me/StableDiffusion_CN/1139844
2023-05-29 02:39:09,https://twitter.com/arankomatsuzaki/status/1662988350632996875?s=20,https://t.me/StableDiffusion_CN/1139846
2023-05-29 06:13:12,https://resources.nvidia.com/en-us-dgx-gh200/nvidia-dgx-gh200-datasheet-web-us,https://t.me/StableDiffusion_CN/1139991
2023-05-29 06:55:16,https://github.com/7eu7d7/ML-Danbooru,https://t.me/StableDiffusion_CN/1140125
2023-05-29 07:00:02,https://github.com/Linaqruf/kohya-trainer/blob/main/kohya-LoRA-dreambooth.ipynb,https://t.me/StableDiffusion_CN/1140185
2023-05-29 07:27:12,https://twitter.com/arankomatsuzaki/status/1662998272154259457?t=NzwIYweCIzxL-1WTHaeGpA&s=35,https://t.me/StableDiffusion_CN/1140352
2023-05-29 07:29:41,https://twitter.com/sattou0/media,https://t.me/StableDiffusion_CN/1140364
2023-05-29 08:19:34,https://github.com/microsoft/Cream/tree/main/EfficientViT,https://t.me/StableDiffusion_CN/1140520
2023-05-29 08:31:13,https://huggingface.co/SmilingWolf/wd-v1-4-moat-tagger-v2,https://t.me/StableDiffusion_CN/1140540
2023-05-29 08:52:18,https://twitter.com/p2p2HiFuMi/status/1662464933391638529?s=20,https://t.me/StableDiffusion_CN/1140584
2023-05-29 08:52:21,https://github.com/BestiVictory/Aesthetic-Attribute-Assessment-Model,https://t.me/StableDiffusion_CN/1140585
2023-05-29 09:01:44,https://twitter.com/SeriKA_P2/status/1663085973159444480/photo/1,https://t.me/StableDiffusion_CN/1140597
2023-05-29 09:36:02,https://ztia-ai.com/,https://t.me/StableDiffusion_CN/1140708
2023-05-29 09:52:53,https://www.miyoushe.com/ys/,https://t.me/StableDiffusion_CN/1140775
2023-05-29 09:53:29,https://warthunder.com/,https://t.me/StableDiffusion_CN/1140779
2023-05-29 09:55:35,https://fxtwitter.com/_lili_i/status/1663134703283757056,https://t.me/StableDiffusion_CN/1140784
2023-05-29 10:23:58,https://danbooru.donmai.us/artists/87402,https://t.me/StableDiffusion_CN/1140846
2023-05-29 10:47:04,https://gelbooru.com/index.php?page=post&s=list&tags=saru,https://t.me/StableDiffusion_CN/1140856
2023-05-29 10:47:12,https://danbooru.donmai.us/posts?tags=seero&z=1,https://t.me/StableDiffusion_CN/1140857
2023-05-29 11:18:13,https://twitter.com/fuwa29ne,https://t.me/StableDiffusion_CN/1140910
2023-05-29 13:43:00,https://en.wikipedia.org/wiki/Exascale_computing,https://t.me/StableDiffusion_CN/1141221
2023-05-29 13:49:17,https://wandb.ai/johnowhitaker/multires_noise/reports/Multi-Resolution-Noise-for-Diffusion-Model-Training--VmlldzozNjYyOTU2,https://t.me/StableDiffusion_CN/1141303
2023-05-29 14:19:14,https://huggingface.co/johnowhitaker/pyramid_noise_test_500steps,https://t.me/StableDiffusion_CN/1141422
2023-05-29 14:59:27,https://huggingface.co/lunachan/ALunarDream,https://t.me/StableDiffusion_CN/1141517
2023-05-29 15:14:46,https://www.pixiv.net/artworks/106137802,https://t.me/StableDiffusion_CN/1141541
2023-05-29 23:00:39,https://dagshub.com/,https://t.me/StableDiffusion_CN/1141691
2023-05-29 23:06:11,https://github.com/PavelDoGreat/WebGL-Fluid-Simulation,https://t.me/StableDiffusion_CN/1141693
2023-05-29 23:24:01,https://videocardz.com/newz/asus-announces-rog-matrix-geforce-rtx-4090-gpu-featuring-360mm-aio-and-liquid-metal,https://t.me/StableDiffusion_CN/1141703
2023-05-29 23:28:50,https://www.nichepcgamer.com/archives/asus-gc-hpwr-connector.html,https://t.me/StableDiffusion_CN/1141707
2023-05-29 23:48:59,https://raphael-painter.github.io/,https://t.me/StableDiffusion_CN/1141726
2023-05-29 23:55:20,https://twitter.com/szcb911/status/1663381677874511874,https://t.me/StableDiffusion_CN/1141732
2023-05-30 00:05:36,https://twitter.com/Blue_ArchiveJP/status/1663379927335579649,https://t.me/StableDiffusion_CN/1141753
2023-05-30 00:11:00,https://twitter.com/sunano_reona/status/1663054052882808833,https://t.me/StableDiffusion_CN/1141762
2023-05-30 00:12:35,https://danbooru.donmai.us/posts/6353675?q=cum_on_feet+,https://t.me/StableDiffusion_CN/1141773
2023-05-30 00:13:50,https://fxtwitter.com/szcb911/status/1663381677874511874,https://t.me/StableDiffusion_CN/1141777
2023-05-30 00:16:17,https://github.com/PaddlePaddle/ERNIE/blob/ernie-kit-open-v1.0/Research/ERNIE-ViLG2/data/ViLG-300.csv,https://t.me/StableDiffusion_CN/1141785
2023-05-30 00:19:30,https://twitter.com/enne_kl/status/1663153217272938500/photo/1,https://t.me/StableDiffusion_CN/1141786
2023-05-30 00:34:34,https://arxiv.org/abs/2305.18292,https://t.me/StableDiffusion_CN/1141794
2023-05-30 01:19:18,https://twitter.com/arankomatsuzaki/status/1663349775217852417,https://t.me/StableDiffusion_CN/1141856
2023-05-30 01:48:20,https://twitter.com/freenationsrf/status/1663070912306991104?s=20,https://t.me/StableDiffusion_CN/1141893
2023-05-30 01:56:24,https://twitter.com/freenationsrf/status/1662766112369410049?s=20,https://t.me/StableDiffusion_CN/1141899
2023-05-30 02:34:44,https://github.com/baaivision/Painter/tree/main/SegGPT,https://t.me/StableDiffusion_CN/1141919
2023-05-30 03:30:21,https://arxiv.org/abs/2212.13420,https://t.me/StableDiffusion_CN/1141964
2023-05-30 04:39:13,https://civitai.com/models/41002/mitama-kaminakisekainokamisamakatsudou,https://t.me/StableDiffusion_CN/1142008
2023-05-30 05:45:10,https://github.com/ajndkr/lanarky#-roadmap,https://t.me/StableDiffusion_CN/1142039
2023-05-30 06:12:16,https://exhentai.org/g/2553480/619eb5544a/,https://t.me/StableDiffusion_CN/1142055
2023-05-30 06:25:42,https://www.ithome.com/0/696/316.htm,https://t.me/StableDiffusion_CN/1142079
2023-05-30 09:14:47,https://exhentai.org/g/1426441/efa62b10f2/,https://t.me/StableDiffusion_CN/1142375
2023-05-30 09:27:28,https://exhentai.org/g/969003/e792c06715/,https://t.me/StableDiffusion_CN/1142380
2023-05-30 09:38:42,https://weidian.com/?userid=1218506122,https://t.me/StableDiffusion_CN/1142389
2023-05-30 09:41:32,https://www.pixiv.net/users/200246,https://t.me/StableDiffusion_CN/1142393
2023-05-30 10:20:22,https://exhentai.org/g/2387928/24c5998ad5/,https://t.me/StableDiffusion_CN/1142486
2023-05-30 10:24:01,https://github.com/huggingface/diffusers/blob/main/scripts/convert_diffusers_to_original_stable_diffusion.py,https://t.me/StableDiffusion_CN/1142491
2023-05-30 10:28:32,https://github.com/7eu7d7/HCP-Diffusion/blob/main/doc/guide_webui_lora_cn.md,https://t.me/StableDiffusion_CN/1142502
2023-05-30 10:28:46,https://twitter.com/shirona_775/status/1663485828411310080/photo/1,https://t.me/StableDiffusion_CN/1142503
2023-05-30 10:53:42,https://pastebin.com/QRwswz5z,https://t.me/StableDiffusion_CN/1142605
2023-05-30 10:57:32,https://en.wikipedia.org/wiki/Yuu_Kamiya,https://t.me/StableDiffusion_CN/1142638
2023-05-30 10:59:21,https://t.me/+VDAD_CvN3LA4M2Nl,https://t.me/StableDiffusion_CN/1142648
2023-05-30 11:00:16,https://t.me/AIaek86,https://t.me/StableDiffusion_CN/1142655
2023-05-30 11:01:59,https://danbooru.donmai.us/artists/93038,https://t.me/StableDiffusion_CN/1142661
2023-05-30 11:02:20,https://danbooru.donmai.us/artists/357144,https://t.me/StableDiffusion_CN/1142663
